时间,活动描述,Y偏移量,日期(可选)
19:30,开始吃吉祥春饼60min，锅包肉、北京烤鸭、春饼、韭菜盒子、辣椒炒肉、土豆丝,-2,2025/3/16
10:30,一根玉米肠,-3,2025/3/17
12:10,吃饭15分钟，紫米+香干炒肉+番茄炒蛋,2,2025/3/17
12:30,散步20min,-2,2025/3/17
15:53,一包干脆面，一包肉松饼干,4,2025/3/17
17:00,一根玉米肠,0,2025/3/17
18:20,吃饭10分钟，杂粮米+清炒莴笋+葱油手撕鸡,6,2025/3/17
18:40,散步15min,-2.5,2025/3/17
19:05,打哈欠，很困,1,2025/3/17
21:44,椭圆机半小时,-1,2025/3/17
23:50,两包干脆面+两根玉米肠,1,2025/3/17
12:30,紫米+土豆豆角+蕨菜炒肉,2,2025/3/18
16:28,吃一个巧乐兹四个圈4min,-2,2025/3/18
17:00,非常困,1,2025/3/18
18:20,水蒸蛋+芋头排骨+紫米+辣肠+三个鹌鹑蛋,1,2025/3/18
18:40,走路20min,-1,2025/3/18
20:45,很困,1,2025/3/18
00:15,六个小番茄 四块西瓜 三个草莓,1.5,2025/3/19
12:25,焖锅+一罐可乐，20min,-1.5,2025/3/19
14:31,吃两个魔芋素板筋,1.5,2025/3/19
18:25,一包有机甘栗仁，50g,-1.5,2025/3/19
20:55,海底捞+可乐两杯,1.5,2025/3/19
12:30,吃各种菜到 13:10,-2,2025/3/20
18:10,很困,1,2025/3/20
18:20,开始吃饭30min，白米饭117g+手撕包菜+莲藕炒肉+两块香骨鸡+四个鸡块+两个蛋挞,-3,2025/3/20
19:05,特困,-2,2025/3/20
19:30,困死了，睡了一觉到20:40,1,2025/3/20
00:27,海底捞小零食两包,-1,2025/3/21
12:15,50g米饭，很少黄焖鸡和红薯叶,4,2025/3/21
12:25,走路20min,-1,2025/3/21
12:48,一包简醇酸奶,1,2025/3/21
14:40,感觉神清气爽挺精神的，一下午状态都不错,-3,2025/3/21
15:30,随变雪糕,-1,2025/3/21
18:15,麦辣鸡腿堡，玉米杯，麦辣鸡翅，麦麦脆汁鸡烧烤版，大可,2,2025/3/21
18:46,走路18分钟,2,2025/3/21
21:40,椭圆机30分钟,-2,2025/3/21
22:40,一包简醇酸奶,1,2025/3/21
0:55,洗澡,2,2025/3/22
12:00,炒饭200g+黄瓜炒肉,-2,2025/3/22
12:25,开始喝酸奶，走路20min,2,2025/3/22
16:30,有点困,-1.5,2025/3/22
16:35,酸奶一袋,1.5,2025/3/22
18:20,炒饭200g+炒蛋,-2,2025/3/22
22:40,断断续续吃烧烤吃到23:00,2,2025/3/22
11:25,吃肉蟹煲,2,2025/3/23
17:11,从 12:00 打游戏打到现在，很饿，吃了一包干脆面,-2,2025/3/23
19:00,打完游戏，很困,2,2025/3/23
19:55,吃费大厨到20:40，很困,-2,2025/3/23
12:15,炒面+生菜炒蛋,-2,2025/3/24
15:48,一盒牛奶,-1,2025/3/24
16:30,一袋酸奶,2,2025/3/24
18:25,吃饭20分钟，炒面+莴笋炒肉,-1,2025/3/24
12:15,吃土豆炒肉+包菜+70g杂粮米,2,2025/3/25
13:38,喝一个简醇酸奶,-1,2025/3/25
16:42,吃一个巧克力巧乐兹,-2,2025/3/25
18:10,紫米+番茄鱼片+红薯叶鸡蛋饼,2,2025/3/25
18:30,吃完饭吃一包锅巴,-1,2025/3/25
21:45,喝一个简醇酸奶,-1,2025/3/25
23:50,吃没吃完的锅巴,2.4,2025/3/25
10:20,喝一杯橙汁,1,2025/3/26
12:15,白菜豆腐+土豆烧排骨+白米120g,-2,2025/3/26
18:16,白米100g+上海青炒肉+白灼生菜,2,2025/3/26
18:38,酸奶一包，锅巴一包（没那么好吃，再也不吃了）,-2,2025/3/26
19:10,困死了,1,2025/3/26
19:15,运动20分钟活过来了,-1.5,2025/3/26
00:09,菠萝+小番茄,1,2025/3/27
00:23,吃点薯片和辣条,-2,2025/3/27
12:10,花菜炒肉+西红柿炒蛋+100g 白米,-2,2025/3/27
15:28,简醇酸奶一袋,1.5,2025/3/27
16:30,一盒牛奶,-2,2025/3/27
18:20,小炒黄牛肉+莲藕+120g白米+一根玉米肠,2,2025/3/27
22:20,酸奶,1,2025/3/27
00:05,洗澡,2,2025/3/28
00:20,吃小番茄+两包辣条+半罐薯片+一个巧克力,-2,2025/3/28
12:10,青花椒鱼片+20g白米,2,2025/3/28
12:20,酸奶一包,-2,2025/3/28
20:00,开始吃海底捞吃到21:20,2,2025/3/28
22:30,很困,-2,2025/3/28
00:04,薯片,1,2025/3/29
10:03,三津汤包俩包子+八宝粥,-1,2025/3/29
18:00,炸鸡+可乐饼+一根串,1,2025/3/29
